firstname,surname,email,password,notes
àèìòùÀÈÌÒÙ,surname,user3@rhino.com,rhino123,notes for user 1
ÂÊÎÔÛ,Surname 2,user4@rhino.com,rhno123,notes for user 2
ÂÊÎÔÛ 3,surname,user3@rhino.com,rhino123,notes for user 1
äëïöüÿÄËÏÖÜŸ,Surname 2,user4@rhino.com,rhno123,notes for user 2
åÅ,surname,user3@rhino.com,rhino123,notes for user 1
æÆ 4,Surname 2,user4@rhino.com,rhno123,notes for user 2
œŒ 3,surname,user3@rhino.com,rhino123,notes for user 1
çÇ 4,Surname 2,user4@rhino.com,rhno123,notes for user 2
ðÐ 3,surname,user3@rhino.com,rhino123,notes for user 1
øØ 4,Surname 2,user4@rhino.com,rhno123,notes for user 2
